<?xml version="1.0" encoding="UTF-8" ?>
<!DOCTYPE mapper
        PUBLIC "-//mybatis.org//DTD Mapper 3.0//EN"
        "http://mybatis.org/dtd/mybatis-3-mapper.dtd">
<mapper namespace="com.example.database_design.Dao.ClassificationDao">

    <insert id="insert_one" parameterType="com.example.database_design.pojo.Classification">
        INSERT INTO classificationtable (classification_id, family_name, genus_name, alias, distribution_id,growth_environment)
        VALUES (#{classification_id}, #{family_name}, #{genus_name}, #{alias}, #{distribution_id},#{growth_environment})
    </insert>

    <delete id="delete_by_classification_id" parameterType="int">
        DELETE FROM classificationtable WHERE classification_id = #{classification_id}
    </delete>

    <update id="update_by_classification_id" parameterType="com.example.database_design.pojo.Classification">
        UPDATE classificationtable SET family_name = #{family_name}, genus_name = #{genus_name},
                                       alias = #{alias}, distribution_id = #{distribution_id}, growth_environment = #{growth_environment}
        WHERE classification_id = #{classification_id}
    </update>

    <select id="select_All" resultType="com.example.database_design.pojo.Classification">
        SELECT * FROM classificationtable
    </select>

    <select id="select_One" resultType="com.example.database_design.pojo.Classification">
        SELECT * FROM classificationtable WHERE classification_id = #{classification_id}
    </select>
</mapper>