<?xml version="1.0" encoding="UTF-8" ?>
<!DOCTYPE mapper
        PUBLIC "-//mybatis.org//DTD Mapper 3.0//EN"
        "http://mybatis.org/dtd/mybatis-3-mapper.dtd">
<mapper namespace="com.example.database_design.Dao.MonitorDao">

    <insert id="insert_one" parameterType="com.example.database_design.pojo.Monitor">
        INSERT INTO MonitorTable (plant_id, monitor_people, ph, temperature)
        VALUES (#{plant_id}, #{monitor_people}, #{ph}, #{temperature})
    </insert>

    <delete id="delete_by_monitor_id" parameterType="int">
        DELETE FROM MonitorTable WHERE monitor_id = #{monitor_id}
    </delete>

    <update id="update_by_monitor_id" parameterType="com.example.database_design.pojo.Monitor">
        UPDATE MonitorTable SET plant_id = #{plant_id}, monitor_people = #{monitor_people},
                                ph = #{ph}, temperature = #{temperature}
        WHERE monitor_id = #{monitor_id}
    </update>

    <select id="select_All" resultType="com.example.database_design.pojo.Monitor">
        SELECT * FROM MonitorTable
    </select>
    <delete id="select_one" parameterType="com.example.database_design.pojo.Monitor">
        SELECT * FROM MonitorTable WHERE monitor_id = #{monitor_id}
    </delete>
</mapper>