<?xml version="1.0" encoding="UTF-8" ?>
<!DOCTYPE mapper
        PUBLIC "-//mybatis.org//DTD Mapper 3.0//EN"
        "http://mybatis.org/dtd/mybatis-3-mapper.dtd">
<mapper namespace="com.example.database_design.Dao.PestControlDao">

    <insert id="insert_one" parameterType="com.example.database_design.pojo.Disease">
        insert into PestControl values(#{pestControl_id},#{pest_name},#{control_method},#{control_method},#{pesticide_amount},#{action_period})
    </insert>

    <delete id="delete_by_pestControl_id" parameterType="String">
        delete from PestControl where pestControl_id=#{pestControl_id}
    </delete>

    <update id="update_by_pestControl_id" parameterType="com.example.database_design.pojo.Disease">
        update PestControl set pest_name=#{pest_name},control_method=#{control_method},
                               pesticide_name=#{pesticide_name},pesticide_amount=#{pesticide_amount},action_period=#{action_period}  where pestControl_id=#{pestControl_id}
    </update>

    <select id="select_All" resultType="com.example.database_design.pojo.Disease">
        select * from PestControl
    </select>
</mapper>