<?xml version="1.0" encoding="UTF-8" ?>
<!DOCTYPE mapper
        PUBLIC "-//mybatis.org//DTD Mapper 3.0//EN"
        "http://mybatis.org/dtd/mybatis-3-mapper.dtd">
<mapper namespace="com.example.database_design.Dao.PlantDao">

    <insert id="insert_one" parameterType="com.example.database_design.pojo.Plant">
        insert into plantTable values(#{plant_id},#{species_name},#{disease_name},#{equipment_name},#{image_id},#{morphology},#{cultivation_techniques},
                                 #{application_value},#{create_people},#{create_time})
    </insert>

<!--    plant_id VARCHAR(50) PRIMARY KEY,&#45;&#45; 植物id-->
<!--    species_name VARCHAR(100), &#45;&#45; 种名-->
<!--    disease_name VARCHAR(100) DEFAULT '无', &#45;&#45; 病名 创建的时候默认是无-->
<!--    equipment_name VARCHAR(100), &#45;&#45; 设备名称-->
<!--    &#45;&#45; 下面是没多大用的-->
<!--    image_id VARCHAR(50), &#45;&#45; 配图编号-->
<!--    morphology VARCHAR(255), &#45;&#45; 形态特征-->
<!--    cultivation_techniques VARCHAR(255), &#45;&#45; 栽培技术要点-->
<!--    application_value VARCHAR(255),&#45;&#45; 应用价值-->
<!--    create_people VARCHAR(100), &#45;&#45; 创建人-->
<!--    create_time DATETIME&#45;&#45; 创建时间-->

    <delete id="delete_by_plant_id" parameterType="String">
        delete from plantTable where plant_id=#{plant_id}
    </delete>

    <update id="update_by_plant_id" parameterType="com.example.database_design.pojo.Plant">
        update plantTable set species_name=#{species_name},disease_name=#{disease_name},equipment_name=#{equipment_name},image_id=#{image_id},
                         morphology=#{morphology},cultivation_techniques=#{cultivation_techniques}
                ,application_value=#{application_value},create_people=#{create_people},create_time=#{create_time} where plant_id=#{plant_id}
    </update>

<!--    养护后将病名改为无-->
    <update id="update_disease_name" >
        update plantTable set disease_name='无'  where plant_id=#{plant_id}
    </update>


    <!--    监控后选择病名-->
    <update id="update_add_disease" >
        update plantTable set disease_name=#{disease_name}  where plant_id=#{plant_id}
    </update>

    <select id="select_All" resultType="com.example.database_design.pojo.Plant">
        select * from PlantTable
    </select>

    <select id="select_All_desease" resultType="com.example.database_design.pojo.Plant">
        select * from PlantTable where disease_name != '无'
    </select>

    <select id="select_One" resultType="com.example.database_design.pojo.Plant">
        select * from PlantTable where plant_id=#{plant_id}
    </select>

</mapper>
