<?xml version="1.0" encoding="UTF-8" ?>
<!DOCTYPE mapper
        PUBLIC "-//mybatis.org//DTD Mapper 3.0//EN"
        "http://mybatis.org/dtd/mybatis-3-mapper.dtd">
<mapper namespace="com.example.database_design.Dao.PreventDao">

    <insert id="insert_one" parameterType="com.example.database_design.pojo.Prevent">
        insert into plantTable values(#{plant_id},#{species_name},#{disease_name},#{equipment_name},#{image_id},#{morphology},#{cultivation_techniques},
                                      #{application_value},#{create_people},#{create_time})
    </insert>



    <delete id="delete_by_plant_id" parameterType="String">
        delete from plantTable where plant_id=#{plant_id}
    </delete>

    <update id="update_by_plant_id" parameterType="com.example.database_design.pojo.Prevent">
        update plantTable set species_name=#{species_name},disease_name=#{disease_name},equipment_name=#{equipment_name},image_id=#{image_id},
                              morphology=#{morphology},cultivation_techniques=#{cultivation_techniques}
                ,application_value=#{application_value},create_people=#{create_people},create_time=#{create_time} where plant_id=#{plant_id}
    </update>

    <select id="select_All" resultType="com.example.database_design.pojo.Prevent">
        select * from PlantTable
    </select>

    <select id="select_All_names" resultType="String">
        select prevent_method from preventTable
    </select>



    <select id="select_One" resultType="com.example.database_design.pojo.Prevent">
        select * from PlantTable where plant_id=#{plant_id}
    </select>

</mapper>