<?xml version="1.0" encoding="UTF-8" ?>
<!DOCTYPE mapper
        PUBLIC "-//mybatis.org//DTD Mapper 3.0//EN"
        "http://mybatis.org/dtd/mybatis-3-mapper.dtd">
<mapper namespace="com.example.database_design.Dao.TreatmentDao">

    <insert id="insert_one" parameterType="com.example.database_design.pojo.Treatment">
        INSERT INTO TreatmentTable (disease_name, prevent_method, plant_id, treat_people, treat_state)
        VALUES (#{disease_name}, #{prevent_method}, #{plant_id}, #{treat_people}, #{treat_state})
    </insert>


    <delete id="delete_by_treat_id" parameterType="int">
        DELETE FROM TreatmentTable WHERE treat_id = #{treat_id}
    </delete>

    <update id="update_by_treat_id" parameterType="com.example.database_design.pojo.Treatment">
        UPDATE TreatmentTable SET disease_name = #{disease_name}, prevent_method = #{prevent_method},
        plant_id = #{plant_id}, treat_people = #{treat_people}, treat_state = #{treat_state}
        WHERE treat_id = #{treat_id}
    </update>

    <update id="update_prevent_method" parameterType="com.example.database_design.pojo.Treatment">
        UPDATE TreatmentTable SET  prevent_method = #{prevent_method}, treat_state = '已治疗'
        WHERE treat_id = #{treat_id}
    </update>

    <select id="select_All" resultType="com.example.database_design.pojo.Treatment">
        SELECT * FROM TreatmentTable
    </select>

    <select id="select_one" resultType="com.example.database_design.pojo.Treatment">
        SELECT * FROM TreatmentTable WHERE treat_id = #{treat_id}
    </select>

    <select id="select_my_disease" resultType="com.example.database_design.pojo.Treatment">
        SELECT * FROM TreatmentTable WHERE treat_people=#{user_name} and treat_state='未治疗'
    </select>


</mapper>